{"cameraMode":{"drawMode":0,"name":"Shaded","section":"Shading Mode"},"sceneLighting":true,"audioPlay":false,"sceneViewState":{"m_AlwaysRefresh":false,"showFog":true,"showSkybox":true,"showFlares":true,"showImageEffects":true,"showParticleSystems":true,"showVisualEffectGraphs":true,"m_FxEnabled":true},"in2DMode":false,"pivot":{"x":0.44946718215942385,"y":3.8369929790496828,"z":1.892862319946289},"rotation":{"x":-0.001801261561922729,"y":0.9974148869514465,"z":-0.06773817539215088,"w":-0.026320109143853189},"size":4.614399433135986,"orthographic":false}